# i,j,covariance_ij
0,0,2.653448558653569e-07
0,1,4.140927596174599e-07
0,2,6.910309914171558e-07
0,3,-7.488535384032191e-07
0,4,8.39706348746141e-08
0,5,1.51663145047791e-07
0,6,-4.146352369597978e-07
0,7,2.180202036017398e-07
0,8,-5.586506106677444e-07
0,9,3.6135851600550234e-07
0,10,-1.2760338921420017e-07
0,11,6.013970671835856e-07
0,12,-1.3048309631052942e-06
0,13,-2.127579951303674e-06
0,14,-9.172644989658915e-07
0,15,-2.4874532650852633e-06
0,16,-5.244011079016963e-06
0,17,-9.795990358205294e-06
0,18,1.3186381230237317e-05
0,19,6.284292442047054e-06
0,20,2.585634642225996e-06
0,21,1.0117441129922228e-06
0,22,-1.989243143560121e-06
0,23,0.0
0,24,0.0
0,25,0.0
1,0,4.140927596174599e-07
1,1,6.839740255527855e-07
1,2,1.2647286303180418e-06
1,3,-7.53123514741315e-07
1,4,7.716999817005968e-07
1,5,2.4072039521873636e-07
1,6,-6.994061089854061e-07
1,7,5.01974058634553e-07
1,8,-8.361449112697748e-07
1,9,4.107477838859614e-07
1,10,3.6203291376369676e-07
1,11,8.080261933097197e-07
1,12,-2.165682380090308e-06
1,13,-3.759066599188633e-06
1,14,-1.359657798438493e-06
1,15,-3.329903261863541e-06
1,16,-7.274608361281434e-06
1,17,-1.338849365331803e-05
1,18,1.8290056827121858e-05
1,19,9.300144412151316e-06
1,20,3.939531748661841e-06
1,21,8.935072180730613e-07
1,22,-4.9191937728864565e-06
1,23,0.0
1,24,0.0
1,25,0.0
2,0,6.910309914171558e-07
2,1,1.2647286303180418e-06
2,2,2.7192677980033066e-06
2,3,1.0074622648518053e-07
2,4,3.380866317648807e-06
2,5,4.1490062629472393e-07
2,6,-1.3381331916673815e-06
2,7,1.366085508430835e-06
2,8,-1.2787889845428763e-06
2,9,1.8499267987775133e-07
2,10,2.4375279433510102e-06
2,11,9.220554405107697e-07
2,12,-4.0367628800971505e-06
2,13,-7.706656757236645e-06
2,14,-2.0343664609281167e-06
2,15,-3.7535493812639287e-06
2,16,-9.169630072747399e-06
2,17,-1.613845048207002e-05
2,18,2.304582223517506e-05
2,19,1.3863464868954679e-05
2,20,6.262001851128654e-06
2,21,-7.481879178720909e-07
2,22,-1.4138180087247018e-05
2,23,0.0
2,24,0.0
2,25,0.0
3,0,-7.488535384032191e-07
3,1,-7.53123514741315e-07
3,2,1.0074622648518053e-07
3,3,6.687475825550548e-06
3,4,6.815325339879598e-06
3,5,-3.8357854637962017e-07
3,6,5.940982748774903e-07
3,7,1.165077440207322e-06
3,8,1.969336140538252e-06
3,9,-2.706042536567423e-06
3,10,6.537427014181549e-06
3,11,-3.133836284678059e-06
3,12,2.258220162677999e-06
3,13,1.1741452731092028e-06
3,14,3.3791728627489366e-06
3,15,1.3096166580806732e-05
3,16,2.4806992434628936e-05
3,17,4.854982782678305e-05
3,18,-6.240491053320638e-05
3,19,-2.331668135539529e-05
3,20,-8.349142028082396e-06
3,21,-1.0400211926322818e-05
3,22,-1.4363327803275958e-05
3,23,0.0
3,24,0.0
3,25,0.0
4,0,8.39706348746141e-08
4,1,7.716999817005968e-07
4,2,3.380866317648807e-06
4,3,6.815325339879598e-06
4,4,1.089982969075563e-05
4,5,1.1651834654843e-07
4,6,-1.0194174617598788e-06
4,7,2.8139742709441856e-06
4,8,4.2870361584384583e-07
4,9,-2.4854618736347185e-06
4,10,9.483798421363079e-06
4,11,-2.024603393040498e-06
4,12,-2.6088516997080267e-06
4,13,-8.12063766002747e-06
4,14,9.284845834745499e-07
4,15,8.580966441684475e-06
4,16,1.3769909192361221e-05
4,17,2.9129306604189352e-05
4,18,-3.46657157557339e-05
4,19,-6.616408571405089e-06
4,20,-8.037142767901025e-07
4,21,-1.1312529117406635e-05
4,22,-3.1430619901011276e-05
4,23,0.0
4,24,0.0
4,25,0.0
5,0,1.51663145047791e-07
5,1,2.4072039521873636e-07
5,2,4.1490062629472393e-07
5,3,-3.8357854637962017e-07
5,4,1.1651834654843e-07
5,5,8.71179291983381e-08
5,6,-2.425904924900135e-07
5,7,1.4191265780682046e-07
5,8,-3.1549208090254373e-07
5,9,1.9015762353068285e-07
5,10,-1.2912888636509208e-08
5,11,3.297820612270174e-07
5,12,-7.596408932630594e-07
5,13,-1.2629939341349417e-06
5,14,-5.166001911824929e-07
5,15,-1.3627155035097386e-06
5,16,-2.900082929777782e-06
5,17,-5.3959844608058846e-06
5,18,7.292178014349967e-06
5,19,3.5376831937702278e-06
5,20,1.4676494609102506e-06
5,21,5.049732344369762e-07
5,22,-1.3311001534611744e-06
5,23,0.0
5,24,0.0
5,25,0.0
6,0,-4.146352369597978e-07
6,1,-6.994061089854061e-07
6,2,-1.3381331916673815e-06
6,3,5.940982748774903e-07
6,4,-1.0194174617598788e-06
6,5,-2.425904924900135e-07
6,6,7.204750489106506e-07
6,7,-5.649133230977662e-07
6,8,8.235020758336674e-07
6,9,-3.522978678028197e-07
6,10,-5.786041112043423e-07
6,11,-7.588297514799505e-07
6,12,2.218343538899337e-06
6,13,3.932966170884613e-06
6,14,1.3337861803866948e-06
6,15,3.1217090211916617e-06
6,16,6.9340556900669285e-06
6,17,1.2674772292940549e-05
6,18,-1.7432795728227266e-05
6,19,-9.11708370711103e-06
6,20,-3.907891549310492e-06
6,21,-6.307398908435131e-07
6,22,5.624493507644362e-06
6,23,0.0
6,24,0.0
6,25,0.0
7,0,2.180202036017398e-07
7,1,5.01974058634553e-07
7,2,1.366085508430835e-06
7,3,1.165077440207322e-06
7,4,2.8139742709441856e-06
7,5,1.4191265780682046e-07
7,6,-5.649133230977662e-07
7,7,8.721128026083976e-07
7,8,-3.0615617566914886e-07
7,9,-3.594203746310153e-07
7,10,2.299557067947101e-06
7,11,-6.502507037513463e-08
7,12,-1.6264794583923794e-06
7,13,-3.628223640479507e-06
7,14,-4.4598990495062503e-07
7,15,3.2119792321953726e-07
7,16,-4.1353914292573644e-07
7,17,8.751184144596096e-08
7,18,1.0296570979467747e-06
7,19,2.9910944996748215e-06
7,20,1.715015019002036e-06
7,21,-2.105406292222803e-06
7,22,-9.410272695916598e-06
7,23,0.0
7,24,0.0
7,25,0.0
8,0,-5.586506106677444e-07
8,1,-8.361449112697748e-07
8,2,-1.2787889845428763e-06
8,3,1.969336140538252e-06
8,4,4.2870361584384583e-07
8,5,-3.1549208090254373e-07
8,6,8.235020758336674e-07
8,7,-3.0615617566914886e-07
8,8,1.209887210084537e-06
8,9,-9.055700791199006e-07
8,10,7.9902108553811e-07
8,11,-1.3895078951490468e-06
8,12,2.62487596666925e-06
8,13,4.064638607063073e-06
8,14,1.999054874923035e-06
8,15,5.7587024862538265e-06
8,16,1.1899823582980447e-05
8,17,2.241897793118445e-05
8,18,-2.9925074620877547e-05
8,19,-1.3709985747658074e-05
8,20,-5.5340535925762715e-06
8,21,-2.777885781563666e-06
8,22,2.4728990221998237e-06
8,23,0.0
8,24,0.0
8,25,0.0
9,0,3.6135851600550234e-07
9,1,4.107477838859614e-07
9,2,1.8499267987775133e-07
9,3,-2.706042536567423e-06
9,4,-2.4854618736347185e-06
9,5,1.9015762353068285e-07
9,6,-3.522978678028197e-07
9,7,-3.594203746310153e-07
9,8,-9.055700791199006e-07
9,9,1.1137355044131866e-06
9,10,-2.4510259478018604e-06
9,11,1.3486013180561068e-06
9,12,-1.2519268840932051e-06
9,13,-1.1167585421004429e-06
9,14,-1.54057997112444e-06
9,15,-5.627466410192004e-06
9,16,-1.0830733991837336e-05
9,17,-2.1046714630858035e-05
9,18,2.7244203884524798e-05
9,19,1.0615733577319679e-05
9,20,3.9090470119810875e-06
9,21,4.1592407418774925e-06
9,22,4.655564350265728e-06
9,23,0.0
9,24,0.0
9,25,0.0
10,0,-1.2760338921420017e-07
10,1,3.6203291376369676e-07
10,2,2.4375279433510102e-06
10,3,6.537427014181549e-06
10,4,9.483798421363079e-06
10,5,-1.2912888636509208e-08
10,6,-5.786041112043423e-07
10,7,2.299557067947101e-06
10,8,7.9902108553811e-07
10,9,-2.4510259478018604e-06
10,10,8.40385066967822e-06
10,11,-2.2293185922345236e-06
10,12,-1.295983227329854e-06
10,13,-5.500187128807843e-06
10,14,1.5086547129420731e-06
10,15,9.402016601382316e-06
10,16,1.6036873585510334e-05
10,17,3.294139985532138e-05
10,18,-4.0361115184863704e-05
10,19,-1.055955671434772e-05
10,20,-2.6641413749008305e-06
10,21,-1.0675944480398615e-05
10,22,-2.6022903283820638e-05
10,23,0.0
10,24,0.0
10,25,0.0
11,0,6.013970671835856e-07
11,1,8.080261933097197e-07
11,2,9.220554405107697e-07
11,3,-3.133836284678059e-06
11,4,-2.024603393040498e-06
11,5,3.297820612270174e-07
11,6,-7.588297514799505e-07
11,7,-6.502507037513463e-08
11,8,-1.3895078951490468e-06
11,9,1.3486013180561068e-06
11,10,-2.2293185922345236e-06
11,11,1.8142375991596454e-06
11,12,-2.510046689088801e-06
11,13,-3.3050526710566994e-06
11,14,-2.327221470270686e-06
11,15,-7.546070275228651e-06
11,16,-1.5028439176935196e-05
11,17,-2.876758006931192e-05
11,18,3.779815411903785e-05
11,19,1.599607639818475e-05
11,20,6.190671259725433e-06
11,21,4.662713925647834e-06
11,22,1.7657271441938406e-06
11,23,0.0
11,24,0.0
11,25,0.0
12,0,-1.3048309631052942e-06
12,1,-2.165682380090308e-06
12,2,-4.0367628800971505e-06
12,3,2.258220162677999e-06
12,4,-2.6088516997080267e-06
12,5,-7.596408932630594e-07
12,6,2.218343538899337e-06
12,7,-1.6264794583923794e-06
12,8,2.62487596666925e-06
12,9,-1.2519268840932051e-06
12,10,-1.295983227329854e-06
12,11,-2.510046689088801e-06
12,12,6.859976739539419e-06
12,13,1.1966396948339538e-05
12,14,4.26450311695193e-06
12,15,1.0340070300915082e-05
12,16,2.2671302971224044e-05
12,17,4.1662766343999674e-05
12,18,-5.7000185416106524e-05
12,19,-2.9165089255403476e-05
12,20,-1.2387269566157819e-05
12,21,-2.625940268859393e-06
12,22,1.600257494357497e-05
12,23,0.0
12,24,0.0
12,25,0.0
13,0,-2.127579951303674e-06
13,1,-3.759066599188633e-06
13,2,-7.706656757236645e-06
13,3,1.1741452731092028e-06
13,4,-8.12063766002747e-06
13,5,-1.2629939341349417e-06
13,6,3.932966170884613e-06
13,7,-3.628223640479507e-06
13,8,4.064638607063073e-06
13,9,-1.1167585421004429e-06
13,10,-5.500187128807843e-06
13,11,-3.3050526710566994e-06
13,12,1.1966396948339538e-05
13,13,2.216015759321164e-05
13,14,6.520024312490581e-06
13,15,1.3528362142057109e-05
13,16,3.147939785337859e-05
13,17,5.6471287854645016e-05
13,18,-7.912913323958833e-05
13,19,-4.449466843973857e-05
13,20,-1.9621137601884183e-05
13,21,-1.4482516675380535e-07
13,22,3.704648452321965e-05
13,23,0.0
13,24,0.0
13,25,0.0
14,0,-9.172644989658915e-07
14,1,-1.359657798438493e-06
14,2,-2.0343664609281167e-06
14,3,3.3791728627489366e-06
14,4,9.284845834745499e-07
14,5,-5.166001911824929e-07
14,6,1.3337861803866948e-06
14,7,-4.4598990495062503e-07
14,8,1.999054874923035e-06
14,9,-1.54057997112444e-06
14,10,1.5086547129420731e-06
14,11,-2.327221470270686e-06
14,12,4.26450311695193e-06
14,13,6.520024312490581e-06
14,14,3.3074788029725434e-06
14,15,9.64887529110731e-06
14,16,1.9857352442559945e-05
14,17,3.747605140315029e-05
14,18,-4.9937040993401734e-05
14,19,-2.2688556019728764e-05
14,20,-9.120022794059416e-06
14,21,-4.8013604804913885e-06
14,22,3.4241365434832353e-06
14,23,0.0
14,24,0.0
14,25,0.0
15,0,-2.4874532650852633e-06
15,1,-3.329903261863541e-06
15,2,-3.7535493812639287e-06
15,3,1.3096166580806732e-05
15,4,8.580966441684475e-06
15,5,-1.3627155035097386e-06
15,6,3.1217090211916617e-06
15,7,3.2119792321953726e-07
15,8,5.7587024862538265e-06
15,9,-5.627466410192004e-06
15,10,9.402016601382316e-06
15,11,-7.546070275228651e-06
15,12,1.0340070300915082e-05
15,13,1.3528362142057109e-05
15,14,9.64887529110731e-06
15,15,3.138979465729746e-05
15,16,6.245317185250072e-05
15,17,0.0001195997301967638
15,18,-0.00015707710813423273
15,19,-6.632555097525304e-05
15,20,-2.5636259632196476e-05
15,21,-1.950697540352214e-05
15,22,-7.889515455992168e-06
15,23,0.0
15,24,0.0
15,25,0.0
16,0,-5.244011079016963e-06
16,1,-7.274608361281434e-06
16,2,-9.169630072747399e-06
16,3,2.4806992434628936e-05
16,4,1.3769909192361221e-05
16,5,-2.900082929777782e-06
16,6,6.9340556900669285e-06
16,7,-4.1353914292573644e-07
16,8,1.1899823582980447e-05
16,9,-1.0830733991837336e-05
16,10,1.6036873585510334e-05
16,11,-1.5028439176935196e-05
16,12,2.2671302971224044e-05
16,13,3.147939785337859e-05
16,14,1.9857352442559945e-05
16,15,6.245317185250072e-05
16,16,0.00012553213647043164
16,17,0.0002393324044365694
16,18,-0.0003157155075317297
16,19,-0.00013640737597962174
16,20,-5.340150619504626e-05
16,21,-3.6502197727882e-05
16,22,-4.3941186274704335e-06
16,23,0.0
16,24,0.0
16,25,0.0
17,0,-9.795990358205294e-06
17,1,-1.338849365331803e-05
17,2,-1.613845048207002e-05
17,3,4.854982782678305e-05
17,4,2.9129306604189352e-05
17,5,-5.3959844608058846e-06
17,6,1.2674772292940549e-05
17,7,8.751184144596096e-08
17,8,2.241897793118445e-05
17,9,-2.1046714630858035e-05
17,10,3.294139985532138e-05
17,11,-2.876758006931192e-05
17,12,4.1662766343999674e-05
17,13,5.6471287854645016e-05
17,14,3.747605140315029e-05
17,15,0.0001195997301967638
17,16,0.0002393324044365694
17,17,0.00045717866257535177
17,18,-0.0006019356246900368
17,19,-0.00025750963204494205
17,20,-0.00010026399166435094
17,21,-7.183193077817995e-05
17,22,-1.7858514913715e-05
17,23,0.0
17,24,0.0
17,25,0.0
18,0,1.3186381230237317e-05
18,1,1.8290056827121858e-05
18,2,2.304582223517506e-05
18,3,-6.240491053320638e-05
18,4,-3.46657157557339e-05
18,5,7.292178014349967e-06
18,6,-1.7432795728227266e-05
18,7,1.0296570979467747e-06
18,8,-2.9925074620877547e-05
18,9,2.7244203884524798e-05
18,10,-4.0361115184863704e-05
18,11,3.779815411903785e-05
18,12,-5.7000185416106524e-05
18,13,-7.912913323958833e-05
18,14,-4.9937040993401734e-05
18,15,-0.00015707710813423273
18,16,-0.0003157155075317297
18,17,-0.0006019356246900368
18,18,0.0007940301192560084
18,19,0.00034303656338681876
18,20,0.00013428733292551297
18,21,9.18302477034218e-05
18,22,1.1163862642203536e-05
18,23,0.0
18,24,0.0
18,25,0.0
19,0,6.284292442047054e-06
19,1,9.300144412151316e-06
19,2,1.3863464868954679e-05
19,3,-2.331668135539529e-05
19,4,-6.616408571405089e-06
19,5,3.5376831937702278e-06
19,6,-9.11708370711103e-06
19,7,2.9910944996748215e-06
19,8,-1.3709985747658074e-05
19,9,1.0615733577319679e-05
19,10,-1.055955671434772e-05
19,11,1.599607639818475e-05
19,12,-2.9165089255403476e-05
19,13,-4.449466843973857e-05
19,14,-2.2688556019728764e-05
19,15,-6.632555097525304e-05
19,16,-0.00013640737597962174
19,17,-0.00025750963204494205
19,18,0.00034303656338681876
19,19,0.0001556441036152358
19,20,6.252047821434017e-05
19,21,3.3167787741153296e-05
19,22,-2.273613727065019e-05
19,23,0.0
19,24,0.0
19,25,0.0
20,0,2.585634642225996e-06
20,1,3.939531748661841e-06
20,2,6.262001851128654e-06
20,3,-8.349142028082396e-06
20,4,-8.037142767901025e-07
20,5,1.4676494609102506e-06
20,6,-3.907891549310492e-06
20,7,1.715015019002036e-06
20,8,-5.5340535925762715e-06
20,9,3.9090470119810875e-06
20,10,-2.6641413749008305e-06
20,11,6.190671259725433e-06
20,12,-1.2387269566157819e-05
20,13,-1.9621137601884183e-05
20,14,-9.120022794059416e-06
20,15,-2.5636259632196476e-05
20,16,-5.340150619504626e-05
20,17,-0.00010026399166435094
20,18,0.00013428733292551297
20,19,6.252047821434017e-05
20,20,2.5437485718160388e-05
20,21,1.1594117622015256e-05
20,22,-1.4789450885524567e-05
20,23,0.0
20,24,0.0
20,25,0.0
21,0,1.0117441129922228e-06
21,1,8.935072180730613e-07
21,2,-7.481879178720909e-07
21,3,-1.0400211926322818e-05
21,4,-1.1312529117406635e-05
21,5,5.049732344369762e-07
21,6,-6.307398908435131e-07
21,7,-2.105406292222803e-06
21,8,-2.777885781563666e-06
21,9,4.1592407418774925e-06
21,10,-1.0675944480398615e-05
21,11,4.662713925647834e-06
21,12,-2.625940268859393e-06
21,13,-1.4482516675380535e-07
21,14,-4.8013604804913885e-06
21,15,-1.950697540352214e-05
21,16,-3.6502197727882e-05
21,17,-7.183193077817995e-05
21,18,9.18302477034218e-05
21,19,3.3167787741153296e-05
21,20,1.1594117622015256e-05
21,21,1.6302915762264187e-05
21,22,2.5367559202334682e-05
21,23,0.0
21,24,0.0
21,25,0.0
22,0,-1.989243143560121e-06
22,1,-4.9191937728864565e-06
22,2,-1.4138180087247018e-05
22,3,-1.4363327803275958e-05
22,4,-3.1430619901011276e-05
22,5,-1.3311001534611744e-06
22,6,5.624493507644362e-06
22,7,-9.410272695916598e-06
22,8,2.4728990221998237e-06
22,9,4.655564350265728e-06
22,10,-2.6022903283820638e-05
22,11,1.7657271441938406e-06
22,12,1.600257494357497e-05
22,13,3.704648452321965e-05
22,14,3.4241365434832353e-06
22,15,-7.889515455992168e-06
22,16,-4.3941186274704335e-06
22,17,-1.7858514913715e-05
22,18,1.1163862642203536e-05
22,19,-2.273613727065019e-05
22,20,-1.4789450885524567e-05
22,21,2.5367559202334682e-05
22,22,0.00010216452520112802
22,23,0.0
22,24,0.0
22,25,0.0
23,0,0.0
23,1,0.0
23,2,0.0
23,3,0.0
23,4,0.0
23,5,0.0
23,6,0.0
23,7,0.0
23,8,0.0
23,9,0.0
23,10,0.0
23,11,0.0
23,12,0.0
23,13,0.0
23,14,0.0
23,15,0.0
23,16,0.0
23,17,0.0
23,18,0.0
23,19,0.0
23,20,0.0
23,21,0.0
23,22,0.0
23,23,0.0
23,24,0.0
23,25,0.0
24,0,0.0
24,1,0.0
24,2,0.0
24,3,0.0
24,4,0.0
24,5,0.0
24,6,0.0
24,7,0.0
24,8,0.0
24,9,0.0
24,10,0.0
24,11,0.0
24,12,0.0
24,13,0.0
24,14,0.0
24,15,0.0
24,16,0.0
24,17,0.0
24,18,0.0
24,19,0.0
24,20,0.0
24,21,0.0
24,22,0.0
24,23,0.0
24,24,0.0
24,25,0.0
25,0,0.0
25,1,0.0
25,2,0.0
25,3,0.0
25,4,0.0
25,5,0.0
25,6,0.0
25,7,0.0
25,8,0.0
25,9,0.0
25,10,0.0
25,11,0.0
25,12,0.0
25,13,0.0
25,14,0.0
25,15,0.0
25,16,0.0
25,17,0.0
25,18,0.0
25,19,0.0
25,20,0.0
25,21,0.0
25,22,0.0
25,23,0.0
25,24,0.0
25,25,0.0
